Склад;Крупность склада;ЦП;Город;Компания
АВТОМЕДОН-склад Готовой продукции;ЦС;Москва;Москва;Автомедон
"АВТОМЕДОН-склад Доп. ( ""Лешково"" ) ";ЦС;Москва;Москва;Автомедон
АВТОМЕДОН-склад Доп. ( 2 - й Этаж ) (АДП) ;ЦС;Москва;Москва;Автомедон
АВТОМЕДОН-склад Доп. ( 4 - й Этаж)  (АДП);ЦС;Москва;Москва;Автомедон
АВТОМЕДОН-склад Доп. (Подвал) (Гольёвское) ;ЦС;Москва;Москва;Автомедон
АВТОМЕДОН-склад Доработки;ЦС;Москва;Москва;Автомедон
АВТОМЕДОН-склад Замена Поставщика;ЦС;Москва;Москва;Автомедон
АВТОМЕДОН-склад Измерений (Вес, Объем).;ЦС;Москва;Москва;Автомедон
АВТОМЕДОН-склад МАТЕРИАЛОВ;ЦС;Москва;Москва;Автомедон
Красногорск-склад;ЦС;Москва;Москва;Автомедон
Склад-Дефицита (2020 - 2022);ЦС;Москва;Москва;Автомедон
Склад Берг (отв. хранение) Казань;5,00;Нижний Новгород;Казань;БЕРГ
Склад Берг (отв. хранение) Москва;5,00;Москва;Москва;БЕРГ
Склад Берг (отв. хранение) Новосибирск;5,00;Новосибирск;Новосибирск;БЕРГ
Склад Иксора (отв. хранение) НН;5,00;Нижний Новгород;Нижний Новгород;ИКСОРА
Склад Москворечье (отв. хранение) Казань;5,00;Нижний Новгород;Казань;Москворечье 
Склад Москворечье (отв. хранение) Москва-Восток;5,00;Москва;Москва;Москворечье 
Склад Москворечье (отв. хранение) Москва-Запад;5,00;Москва;Москва;Москворечье 
Склад Москворечье (отв. хранение) Москва-Север;5,00;Москва;Москва;Москворечье 
Склад Москворечье (отв. хранение) Москва-Юг;5,00;Москва;Москва;Москворечье 
Склад Партком (отв. хранение) НН;5,00;Нижний Новгород;Нижний Новгород;Парт-Ком
Склад РОССКО (отв. хранение) Москва;5,00;Москва;Москва;РОССКО
Склад РОССКО (отв. хранение) Новосибирск;5,00;Новосибирск;Новосибирск;РОССКО
Склад Берг (отв. хранение) Екатеринбург;1,00;Екатеринбург;Екатеринбург;БЕРГ
Склад Берг (отв. хранение) Набережные Челны;1,00;Самара;Набережные Челны;БЕРГ
Склад Москворечье (отв. хранение) Самара;1,00;Самара;Самара;Москворечье 
Склад Партком (отв. хранение) Екатеринбург ХАБ;1,00;Екатеринбург;Екатеринбург;Парт-Ком
Склад Партком (отв. хранение) Казань;1,00;Нижний Новгород;Казань;Парт-Ком
Склад Партком (отв. хранение) Самара;1,00;Самара;Самара;Парт-Ком
Склад РОССКО (отв. хранение) Екатеринбург;1,00;Екатеринбург;Екатеринбург;РОССКО
Склад РОССКО (отв. хранение) Казань;1,00;Нижний Новгород;Казань;РОССКО
Склад РОССКО (отв. хранение) Нижний Новгород;1,00;Нижний Новгород;Нижний Новгород;РОССКО
Склад РОССКО (отв. хранение) Ростов-на-Дону;1,00;Ростов-на-Дону;Ростов-на-Дону;РОССКО
Склад РОССКО (отв. хранение) Санкт-Петербург;1,00;Санкт-Петербург;Санкт-Петербург;РОССКО
Склад Берг (отв. хранение) Краснодар;0,50;Ростов-на-Дону;Краснодар;БЕРГ
Склад Берг (отв. хранение) Самара;0,50;Самара;Самара;БЕРГ
Склад Берг (отв. хранение) Санкт-Петербург;0,50;Санкт-Петербург;Санкт-Петербург;БЕРГ
Склад Берг (отв. хранение) Тюмень;0,50;Екатеринбург;Тюмень;БЕРГ
Склад Берг (отв. хранение) Уфа;0,50;Екатеринбург;Уфа;БЕРГ
Склад Берг (отв. хранение) Челябинск;0,50;Екатеринбург;Челябинск;БЕРГ
Склад Берг (отв. хранение) Ярославль;0,50;Москва;Ярославль;БЕРГ
Склад Москворечье (отв. хранение) Владимир;0,50;Нижний Новгород;Владимир;Москворечье 
Склад Москворечье (отв. хранение) Рязань;0,50;Москва;Рязань;Москворечье 
Склад Москворечье (отв. хранение) Тула;0,50;Москва;Тула;Москворечье 
Склад Москворечье (отв. хранение) Ярославль;0,50;Москва;Ярославль;Москворечье 
Склад Партком (отв. хранение) Ижевск;0,50;Нижний Новгород;Ижевск;Парт-Ком
Склад Партком (отв. хранение) Йошкар-Ола;0,50;Нижний Новгород;Йошкар-Ола;Парт-Ком
Склад Партком (отв. хранение) Киров;0,50;Нижний Новгород;Киров;Парт-Ком
Склад Партком (отв. хранение) Наб. Челны;0,50;Самара;Набережные Челны;Парт-Ком
Склад Партком (отв. хранение) Оренбург;0,50;Самара;Оренбург;Парт-Ком
Склад Партком (отв. хранение) Пермь;0,50;Екатеринбург;Пермь;Парт-Ком
Склад Партком (отв. хранение) Сыктывкар;0,50;Нижний Новгород;Сыктывкар;Парт-Ком
Склад Партком (отв. хранение) Чебоксары;0,50;Нижний Новгород;Чебоксары;Парт-Ком
Склад РОССКО (отв. хранение) Барнаул;0,50;Новосибирск;Барнаул;РОССКО
Склад РОССКО (отв. хранение) Волгоград;0,50;Ростов-на-Дону;Волгоград;РОССКО
Склад РОССКО (отв. хранение) Иркутск;0,50;Новосибирск;Иркутск;РОССКО
Склад РОССКО (отв. хранение) Кемерово;0,50;Новосибирск;Кемерово;РОССКО
Склад РОССКО (отв. хранение) Краснодар;0,50;Ростов-на-Дону;Краснодар;РОССКО
Склад РОССКО (отв. хранение) Красноярск;0,50;Новосибирск;Красноярск;РОССКО
Склад РОССКО (отв. хранение) Махачкала;0,50;Ростов-на-Дону;Махачкала;РОССКО
Склад РОССКО (отв. хранение) Новокузнецк;0,50;Новосибирск;Новокузнецк;РОССКО
Склад РОССКО (отв. хранение) Омск;0,50;Новосибирск;Омск;РОССКО
Склад РОССКО (отв. хранение) Оренбург;0,50;Самара;Оренбург;РОССКО
Склад РОССКО (отв. хранение) Пермь;0,50;Екатеринбург;Пермь;РОССКО
Склад РОССКО (отв. хранение) Самара;0,50;Самара;Самара;РОССКО
Склад РОССКО (отв. хранение) Саратов;0,50;Самара;Саратов;РОССКО
Склад РОССКО (отв. хранение) Ставрополь;0,50;Ростов-на-Дону;Ставрополь;РОССКО
Склад РОССКО (отв. хранение) Томск;0,50;Новосибирск;Томск;РОССКО
Склад РОССКО (отв. хранение) Тула;0,50;Москва;Тула;РОССКО
Склад РОССКО (отв. хранение) Ульяновск;0,50;Нижний Новгород;Ульяновск;РОССКО
Склад РОССКО (отв. хранение) Чебоксары;0,50;Нижний Новгород;Чебоксары;РОССКО
Склад Автосила (отв. хранение) Воронеж;0,15;Воронеж;Воронеж;Автосила
Склад Берг (отв. хранение) Иваново;0,15;Москва;Иваново;БЕРГ
Склад Берг (отв. хранение) Ижевск;0,15;Нижний Новгород;Ижевск;БЕРГ
Склад Берг (отв. хранение) Кемерово;0,15;Новосибирск;Кемерово;БЕРГ
Склад Берг (отв. хранение) Красноярск;0,15;Новосибирск;Красноярск;БЕРГ
Склад Берг (отв. хранение) Новокузнецк;0,15;Новосибирск;Новокузнецк;БЕРГ
Склад Берг (отв. хранение) Новороссийск;0,15;Ростов-на-Дону;Новороссийск;БЕРГ
Склад Берг (отв. хранение) Пятигорск;0,15;Ростов-на-Дону;Пятигорск;БЕРГ
Склад Берг (отв. хранение) Ростов-на-Дону;0,15;Ростов-на-Дону;Ростов-на-Дону;БЕРГ
Склад Берг (отв. хранение) Сургут;0,15;Екатеринбург;Сургут;БЕРГ
Склад Берг (отв. хранение) Череповец;0,15;Москва;Череповец;БЕРГ
Склад Москворечье (отв. хранение) Калуга;0,15;Москва;Калуга;Москворечье 
Склад Москворечье (отв. хранение) Тверь;0,15;Москва;Тверь;Москворечье 
Склад Партком (отв. хранение) Магнитогорск;0,15;Екатеринбург;Магнитогорск;Парт-Ком
Склад Партком (отв. хранение) Пенза;0,15;Нижний Новгород;Пенза;Парт-Ком
Склад Партком (отв. хранение) Питер;0,15;Санкт-Петербург;Санкт-Петербург;Парт-Ком
Склад Партком (отв. хранение) Ростов;0,15;Ростов-на-Дону;Ростов-на-Дону;Парт-Ком
Склад Партком (отв. хранение) Саранск;0,15;Нижний Новгород;Саранск;Парт-Ком
Склад Партком (отв. хранение) Саратов;0,15;Самара;Саратов;Парт-Ком
Склад Партком (отв. хранение) Стерлитамак;0,15;Самара;Стерлитамак;Парт-Ком
Склад Партком (отв. хранение) Сургут;0,15;Екатеринбург;Сургут;Парт-Ком
Склад Партком (отв. хранение) Тюмень;0,15;Екатеринбург;Тюмень;Парт-Ком
Склад Партком (отв. хранение) Ульяновск;0,15;Нижний Новгород;Ульяновск;Парт-Ком
Склад Партком (отв. хранение) Уфа;0,15;Екатеринбург;Уфа;Парт-Ком
Склад РОССКО (отв. хранение) Армавир;0,15;Ростов-на-Дону;Армавир;РОССКО
Склад РОССКО (отв. хранение) Архангельск;0,15;Санкт-Петербург;Архангельск;РОССКО
Склад РОССКО (отв. хранение) Астрахань;0,15;Ростов-на-Дону;Астрахань;РОССКО
Склад РОССКО (отв. хранение) Великий Новгород;0,15;Санкт-Петербург;Великий Новгород;РОССКО
Склад РОССКО (отв. хранение) Волгодонск;0,15;Ростов-на-Дону;Волгодонск;РОССКО
Склад РОССКО (отв. хранение) Ижевск;0,15;Нижний Новгород;Ижевск;РОССКО
Склад РОССКО (отв. хранение) Киров;0,15;Нижний Новгород;Киров;РОССКО
Склад РОССКО (отв. хранение) Мурманск;0,15;Санкт-Петербург;Мурманск;РОССКО
Склад РОССКО (отв. хранение) Набережные Челны;0,15;Самара;Набережные Челны;РОССКО
Склад РОССКО (отв. хранение) Пенза;0,15;Нижний Новгород;Пенза;РОССКО
Склад РОССКО (отв. хранение) Петрозаводск;0,15;Санкт-Петербург;Петрозаводск;РОССКО
Склад РОССКО (отв. хранение) Псков;0,15;Санкт-Петербург;Псков;РОССКО
Склад РОССКО (отв. хранение) Севастополь;0,15;Ростов-на-Дону;Севастополь;РОССКО
Склад РОССКО (отв. хранение) Симферополь;0,15;Ростов-на-Дону;Симферополь;РОССКО
Склад РОССКО (отв. хранение) Сочи;0,15;Ростов-на-Дону;Сочи;РОССКО
Склад Берг (отв. хранение) Барнаул;0,00;Новосибирск;Барнаул;БЕРГ
Склад Берг (отв. хранение) Омск;0,00;Новосибирск;Омск;БЕРГ
Склад М Партс (отв. хранение) Москва;0,00;Москва;Москва;М Партс
Склад МЕГАРОС Техника (отв. хранение);0,00;Новосибирск;Омск;МЕГАРОС
Склад Партком (отв. хранение) Астрахань;0,00;Ростов-на-Дону;Астрахань;Парт-Ком
Склад Партком (отв. хранение) Владимир;0,00;Нижний Новгород;Владимир;Парт-Ком
Склад Партком (отв. хранение) Волгоград;0,00;Ростов-на-Дону;Волгоград;Парт-Ком
Склад Партком (отв. хранение) Иваново;0,00;Москва;Иваново;Парт-Ком
Склад Партком (отв. хранение) Краснодар;0,00;Ростов-на-Дону;Краснодар;Парт-Ком
Склад Партком (отв. хранение) Мурманск;0,00;Санкт-Петербург;Мурманск;Парт-Ком
Склад Партком (отв. хранение) Омск;0,00;Новосибирск;Омск;Парт-Ком
Склад Партком (отв. хранение) Петрозаводск;0,00;Санкт-Петербург;Петрозаводск;Парт-Ком
Склад Партком (отв. хранение) Тверь;0,00;Москва;Тверь;Парт-Ком
Склад Партком (отв. хранение) Тольятти;0,00;Самара;Тольятти;Парт-Ком
Склад Партком (отв. хранение) Челябинск;0,00;Екатеринбург;Челябинск;Парт-Ком
